task,solution,rank,selection_mode,estimated_score,candidate_onnx,onnx,test_ready,test_error
1,6332.87,1,scored,17.047384888349,solution/6332.87/task001.onnx,outputs/selected_submission/task001.onnx,,skipped by VERIFY_MODE=skip
2,6332.87,1,scored,13.514517676859928,solution/6332.87/task002.onnx,outputs/selected_submission/task002.onnx,,skipped by VERIFY_MODE=skip
3,6332.87,1,scored,17.918291413894426,solution/6332.87/task003.onnx,outputs/selected_submission/task003.onnx,,skipped by VERIFY_MODE=skip
4,6332.87,1,scored,14.084547965521434,solution/6332.87/task004.onnx,outputs/selected_submission/task004.onnx,,skipped by VERIFY_MODE=skip
5,6332.87,1,scored,13.509903135969791,solution/6332.87/task005.onnx,outputs/selected_submission/task005.onnx,,skipped by VERIFY_MODE=skip
6,6332.87,1,scored,18.527653705499095,solution/6332.87/task006.onnx,outputs/selected_submission/task006.onnx,,skipped by VERIFY_MODE=skip
7,6332.87,1,scored,16.108350887349943,solution/6332.87/task007.onnx,outputs/selected_submission/task007.onnx,,skipped by VERIFY_MODE=skip
8,6332.87,1,scored,14.94430651457454,solution/6332.87/task008.onnx,outputs/selected_submission/task008.onnx,,skipped by VERIFY_MODE=skip
9,6274.21,1,scored,13.69482467517415,solution/6274.21/task009.onnx,outputs/selected_submission/task009.onnx,,skipped by VERIFY_MODE=skip
10,6332.87,1,scored,16.479811299603966,solution/6332.87/task010.onnx,outputs/selected_submission/task010.onnx,,skipped by VERIFY_MODE=skip
11,6332.87,1,scored,13.898854540195709,solution/6332.87/task011.onnx,outputs/selected_submission/task011.onnx,,skipped by VERIFY_MODE=skip
12,6332.87,1,scored,15.556090611226026,solution/6332.87/task012.onnx,outputs/selected_submission/task012.onnx,,skipped by VERIFY_MODE=skip
13,6332.87,1,scored,14.641178392202573,solution/6332.87/task013.onnx,outputs/selected_submission/task013.onnx,,skipped by VERIFY_MODE=skip
14,6332.87,1,scored,14.427427453254683,solution/6332.87/task014.onnx,outputs/selected_submission/task014.onnx,,skipped by VERIFY_MODE=skip
15,6332.87,1,scored,18.197605236675688,solution/6332.87/task015.onnx,outputs/selected_submission/task015.onnx,,skipped by VERIFY_MODE=skip
16,6332.87,1,scored,22.697414907005957,solution/6332.87/task016.onnx,outputs/selected_submission/task016.onnx,,skipped by VERIFY_MODE=skip
17,6274.21,1,scored,14.57157683937954,solution/6274.21/task017.onnx,outputs/selected_submission/task017.onnx,,skipped by VERIFY_MODE=skip
18,6332.87,1,scored,13.33831837951982,solution/6332.87/task018.onnx,outputs/selected_submission/task018.onnx,,skipped by VERIFY_MODE=skip
19,6332.87,1,scored,13.69353305881371,solution/6332.87/task019.onnx,outputs/selected_submission/task019.onnx,,skipped by VERIFY_MODE=skip
20,6332.87,1,scored,13.83389816291813,solution/6332.87/task020.onnx,outputs/selected_submission/task020.onnx,,skipped by VERIFY_MODE=skip
21,6332.87,1,scored,15.973702665716113,solution/6332.87/task021.onnx,outputs/selected_submission/task021.onnx,,skipped by VERIFY_MODE=skip
22,6332.87,1,scored,15.169674713092856,solution/6332.87/task022.onnx,outputs/selected_submission/task022.onnx,,skipped by VERIFY_MODE=skip
23,6322.39,1,scored,13.99556954345748,solution/6322.39/task023.onnx,outputs/selected_submission/task023.onnx,,skipped by VERIFY_MODE=skip
24,6332.87,1,scored,15.88617052840466,solution/6332.87/task024.onnx,outputs/selected_submission/task024.onnx,,skipped by VERIFY_MODE=skip
25,6274.21,1,scored,13.149938233234366,solution/6274.21/task025.onnx,outputs/selected_submission/task025.onnx,,skipped by VERIFY_MODE=skip
26,6332.87,1,scored,18.41520860761428,solution/6332.87/task026.onnx,outputs/selected_submission/task026.onnx,,skipped by VERIFY_MODE=skip
27,6332.87,1,scored,16.331975918881177,solution/6332.87/task027.onnx,outputs/selected_submission/task027.onnx,,skipped by VERIFY_MODE=skip
28,6332.87,1,scored,16.51553663320668,solution/6332.87/task028.onnx,outputs/selected_submission/task028.onnx,,skipped by VERIFY_MODE=skip
29,6332.87,1,scored,13.516328283804857,solution/6332.87/task029.onnx,outputs/selected_submission/task029.onnx,,skipped by VERIFY_MODE=skip
30,6322.39,1,scored,16.278397655325804,solution/6322.39/task030.onnx,outputs/selected_submission/task030.onnx,,skipped by VERIFY_MODE=skip
31,6332.87,1,scored,15.168223295017873,solution/6332.87/task031.onnx,outputs/selected_submission/task031.onnx,,skipped by VERIFY_MODE=skip
32,6332.87,1,scored,16.86699978141639,solution/6332.87/task032.onnx,outputs/selected_submission/task032.onnx,,skipped by VERIFY_MODE=skip
33,6332.87,1,scored,14.081988539178049,solution/6332.87/task033.onnx,outputs/selected_submission/task033.onnx,,skipped by VERIFY_MODE=skip
34,6332.87,1,scored,13.989551770433591,solution/6332.87/task034.onnx,outputs/selected_submission/task034.onnx,,skipped by VERIFY_MODE=skip
35,6332.87,1,scored,15.36028269986934,solution/6332.87/task035.onnx,outputs/selected_submission/task035.onnx,,skipped by VERIFY_MODE=skip
36,6322.39,1,scored,13.71093084029274,solution/6322.39/task036.onnx,outputs/selected_submission/task036.onnx,,skipped by VERIFY_MODE=skip
37,6332.87,1,scored,13.937652078450403,solution/6332.87/task037.onnx,outputs/selected_submission/task037.onnx,,skipped by VERIFY_MODE=skip
38,6332.87,1,scored,17.315675932318847,solution/6332.87/task038.onnx,outputs/selected_submission/task038.onnx,,skipped by VERIFY_MODE=skip
39,6332.87,1,scored,16.04171718950267,solution/6332.87/task039.onnx,outputs/selected_submission/task039.onnx,,skipped by VERIFY_MODE=skip
40,6332.87,1,scored,16.02944082049105,solution/6332.87/task040.onnx,outputs/selected_submission/task040.onnx,,skipped by VERIFY_MODE=skip
41,6332.87,1,scored,15.626775765122336,solution/6332.87/task041.onnx,outputs/selected_submission/task041.onnx,,skipped by VERIFY_MODE=skip
42,6332.87,1,scored,15.95018055485892,solution/6332.87/task042.onnx,outputs/selected_submission/task042.onnx,,skipped by VERIFY_MODE=skip
43,6332.87,1,scored,16.158118010502886,solution/6332.87/task043.onnx,outputs/selected_submission/task043.onnx,,skipped by VERIFY_MODE=skip
44,6322.39,1,scored,14.438681612031496,solution/6322.39/task044.onnx,outputs/selected_submission/task044.onnx,,skipped by VERIFY_MODE=skip
45,6332.87,1,scored,16.0873920363291,solution/6332.87/task045.onnx,outputs/selected_submission/task045.onnx,,skipped by VERIFY_MODE=skip
46,6332.87,1,scored,14.58291068075113,solution/6332.87/task046.onnx,outputs/selected_submission/task046.onnx,,skipped by VERIFY_MODE=skip
47,6332.87,1,scored,16.985664262700574,solution/6332.87/task047.onnx,outputs/selected_submission/task047.onnx,,skipped by VERIFY_MODE=skip
48,6332.87,1,scored,16.367872270491663,solution/6332.87/task048.onnx,outputs/selected_submission/task048.onnx,,skipped by VERIFY_MODE=skip
49,6332.87,1,scored,15.928462030904276,solution/6332.87/task049.onnx,outputs/selected_submission/task049.onnx,,skipped by VERIFY_MODE=skip
50,6332.87,1,scored,15.843587970049374,solution/6332.87/task050.onnx,outputs/selected_submission/task050.onnx,,skipped by VERIFY_MODE=skip
51,6322.39,1,scored,14.998206758679748,solution/6322.39/task051.onnx,outputs/selected_submission/task051.onnx,,skipped by VERIFY_MODE=skip
52,6332.87,1,scored,17.886857891292912,solution/6332.87/task052.onnx,outputs/selected_submission/task052.onnx,,skipped by VERIFY_MODE=skip
53,6332.87,1,scored,21.59880261833785,solution/6332.87/task053.onnx,outputs/selected_submission/task053.onnx,,skipped by VERIFY_MODE=skip
54,6332.87,1,scored,13.50268575854399,solution/6332.87/task054.onnx,outputs/selected_submission/task054.onnx,,skipped by VERIFY_MODE=skip
55,6332.87,1,scored,14.825531566735505,solution/6332.87/task055.onnx,outputs/selected_submission/task055.onnx,,skipped by VERIFY_MODE=skip
56,6332.87,1,scored,19.63870783429057,solution/6332.87/task056.onnx,outputs/selected_submission/task056.onnx,,skipped by VERIFY_MODE=skip
57,6332.87,1,scored,14.71452069554135,solution/6332.87/task057.onnx,outputs/selected_submission/task057.onnx,,skipped by VERIFY_MODE=skip
58,6332.87,1,scored,15.314295392535984,solution/6332.87/task058.onnx,outputs/selected_submission/task058.onnx,,skipped by VERIFY_MODE=skip
59,6332.87,1,scored,15.07734727820286,solution/6332.87/task059.onnx,outputs/selected_submission/task059.onnx,,skipped by VERIFY_MODE=skip
60,6332.87,1,scored,16.372876749211567,solution/6332.87/task060.onnx,outputs/selected_submission/task060.onnx,,skipped by VERIFY_MODE=skip
61,6332.87,1,scored,15.152342332424542,solution/6332.87/task061.onnx,outputs/selected_submission/task061.onnx,,skipped by VERIFY_MODE=skip
62,6332.87,1,scored,14.830462675139206,solution/6332.87/task062.onnx,outputs/selected_submission/task062.onnx,,skipped by VERIFY_MODE=skip
63,6332.87,1,scored,14.666940264012474,solution/6332.87/task063.onnx,outputs/selected_submission/task063.onnx,,skipped by VERIFY_MODE=skip
64,6322.39,1,scored,13.595027296544457,solution/6322.39/task064.onnx,outputs/selected_submission/task064.onnx,,skipped by VERIFY_MODE=skip
65,6332.87,1,scored,14.534186050835478,solution/6332.87/task065.onnx,outputs/selected_submission/task065.onnx,,skipped by VERIFY_MODE=skip
66,6322.39,1,scored,13.489738079116012,solution/6322.39/task066.onnx,outputs/selected_submission/task066.onnx,,skipped by VERIFY_MODE=skip
67,6332.87,1,scored,19.247427361174367,solution/6332.87/task067.onnx,outputs/selected_submission/task067.onnx,,skipped by VERIFY_MODE=skip
68,6332.87,1,scored,15.55942130423374,solution/6332.87/task068.onnx,outputs/selected_submission/task068.onnx,,skipped by VERIFY_MODE=skip
69,6322.39,1,scored,13.840099007198502,solution/6322.39/task069.onnx,outputs/selected_submission/task069.onnx,,skipped by VERIFY_MODE=skip
70,6332.87,1,scored,13.90050125280863,solution/6332.87/task070.onnx,outputs/selected_submission/task070.onnx,,skipped by VERIFY_MODE=skip
71,6332.87,1,scored,13.790235794330012,solution/6332.87/task071.onnx,outputs/selected_submission/task071.onnx,,skipped by VERIFY_MODE=skip
72,6332.87,1,scored,17.8229812340901,solution/6332.87/task072.onnx,outputs/selected_submission/task072.onnx,,skipped by VERIFY_MODE=skip
73,6332.87,1,scored,19.2962175253438,solution/6332.87/task073.onnx,outputs/selected_submission/task073.onnx,,skipped by VERIFY_MODE=skip
74,6332.87,1,fallback_unscored,,solution/6332.87/task074.onnx,outputs/selected_submission/task074.onnx,,skipped by VERIFY_MODE=skip
75,6332.87,1,scored,15.169567128369785,solution/6332.87/task075.onnx,outputs/selected_submission/task075.onnx,,skipped by VERIFY_MODE=skip
76,6332.87,1,scored,13.710555643309924,solution/6332.87/task076.onnx,outputs/selected_submission/task076.onnx,,skipped by VERIFY_MODE=skip
77,6332.87,1,scored,13.477728347030192,solution/6332.87/task077.onnx,outputs/selected_submission/task077.onnx,,skipped by VERIFY_MODE=skip
78,6332.87,1,scored,15.65024557224114,solution/6332.87/task078.onnx,outputs/selected_submission/task078.onnx,,skipped by VERIFY_MODE=skip
79,6332.87,1,scored,15.029648507210364,solution/6332.87/task079.onnx,outputs/selected_submission/task079.onnx,,skipped by VERIFY_MODE=skip
80,6332.87,1,scored,14.353266435603462,solution/6332.87/task080.onnx,outputs/selected_submission/task080.onnx,,skipped by VERIFY_MODE=skip
81,6332.87,1,scored,17.256296741826247,solution/6332.87/task081.onnx,outputs/selected_submission/task081.onnx,,skipped by VERIFY_MODE=skip
82,6332.87,1,scored,15.818470709877936,solution/6332.87/task082.onnx,outputs/selected_submission/task082.onnx,,skipped by VERIFY_MODE=skip
83,6332.87,1,scored,17.504458056115745,solution/6332.87/task083.onnx,outputs/selected_submission/task083.onnx,,skipped by VERIFY_MODE=skip
84,6332.87,1,scored,15.121163810905,solution/6332.87/task084.onnx,outputs/selected_submission/task084.onnx,,skipped by VERIFY_MODE=skip
85,6332.87,1,scored,14.191950226468323,solution/6332.87/task085.onnx,outputs/selected_submission/task085.onnx,,skipped by VERIFY_MODE=skip
86,6332.87,1,scored,14.83966336368449,solution/6332.87/task086.onnx,outputs/selected_submission/task086.onnx,,skipped by VERIFY_MODE=skip
87,6332.87,1,scored,19.09191706183107,solution/6332.87/task087.onnx,outputs/selected_submission/task087.onnx,,skipped by VERIFY_MODE=skip
88,6332.87,1,scored,13.80499590787612,solution/6332.87/task088.onnx,outputs/selected_submission/task088.onnx,,skipped by VERIFY_MODE=skip
89,6322.39,1,scored,14.260261089935476,solution/6322.39/task089.onnx,outputs/selected_submission/task089.onnx,,skipped by VERIFY_MODE=skip
90,6332.87,1,scored,13.974541769218527,solution/6332.87/task090.onnx,outputs/selected_submission/task090.onnx,,skipped by VERIFY_MODE=skip
91,6332.87,1,scored,14.151323325547068,solution/6332.87/task091.onnx,outputs/selected_submission/task091.onnx,,skipped by VERIFY_MODE=skip
92,6332.87,1,scored,14.260542795338498,solution/6332.87/task092.onnx,outputs/selected_submission/task092.onnx,,skipped by VERIFY_MODE=skip
93,6332.87,1,scored,15.354118052333185,solution/6332.87/task093.onnx,outputs/selected_submission/task093.onnx,,skipped by VERIFY_MODE=skip
94,6332.87,1,scored,15.745451373359495,solution/6332.87/task094.onnx,outputs/selected_submission/task094.onnx,,skipped by VERIFY_MODE=skip
95,6332.87,1,scored,18.197605236675688,solution/6332.87/task095.onnx,outputs/selected_submission/task095.onnx,,skipped by VERIFY_MODE=skip
96,6332.87,1,scored,12.970473620407256,solution/6332.87/task096.onnx,outputs/selected_submission/task096.onnx,,skipped by VERIFY_MODE=skip
97,6332.87,1,scored,14.108719993901008,solution/6332.87/task097.onnx,outputs/selected_submission/task097.onnx,,skipped by VERIFY_MODE=skip
98,6332.87,1,scored,18.186555400489105,solution/6332.87/task098.onnx,outputs/selected_submission/task098.onnx,,skipped by VERIFY_MODE=skip
99,6332.87,1,scored,16.836628683540088,solution/6332.87/task099.onnx,outputs/selected_submission/task099.onnx,,skipped by VERIFY_MODE=skip
100,6332.87,1,scored,16.21491936346016,solution/6332.87/task100.onnx,outputs/selected_submission/task100.onnx,,skipped by VERIFY_MODE=skip
101,6322.39,1,scored,12.68130427518707,solution/6322.39/task101.onnx,outputs/selected_submission/task101.onnx,,skipped by VERIFY_MODE=skip
102,6332.87,1,scored,15.558071829926943,solution/6332.87/task102.onnx,outputs/selected_submission/task102.onnx,,skipped by VERIFY_MODE=skip
103,6332.87,1,scored,19.73730981109512,solution/6332.87/task103.onnx,outputs/selected_submission/task103.onnx,,skipped by VERIFY_MODE=skip
104,6332.87,1,scored,16.788788638206977,solution/6332.87/task104.onnx,outputs/selected_submission/task104.onnx,,skipped by VERIFY_MODE=skip
105,6332.87,1,scored,16.138508135713085,solution/6332.87/task105.onnx,outputs/selected_submission/task105.onnx,,skipped by VERIFY_MODE=skip
106,6332.87,1,scored,17.940382371708615,solution/6332.87/task106.onnx,outputs/selected_submission/task106.onnx,,skipped by VERIFY_MODE=skip
107,6332.87,1,scored,13.799992367549814,solution/6332.87/task107.onnx,outputs/selected_submission/task107.onnx,,skipped by VERIFY_MODE=skip
108,6332.87,1,scored,17.504458056115745,solution/6332.87/task108.onnx,outputs/selected_submission/task108.onnx,,skipped by VERIFY_MODE=skip
109,6332.87,1,scored,13.539652865248629,solution/6332.87/task109.onnx,outputs/selected_submission/task109.onnx,,skipped by VERIFY_MODE=skip
110,6322.39,1,scored,13.483251850806106,solution/6322.39/task110.onnx,outputs/selected_submission/task110.onnx,,skipped by VERIFY_MODE=skip
111,6332.87,1,scored,18.319145321209785,solution/6332.87/task111.onnx,outputs/selected_submission/task111.onnx,,skipped by VERIFY_MODE=skip
112,6332.87,1,scored,14.010141445218116,solution/6332.87/task112.onnx,outputs/selected_submission/task112.onnx,,skipped by VERIFY_MODE=skip
113,6332.87,1,scored,21.59880261833785,solution/6332.87/task113.onnx,outputs/selected_submission/task113.onnx,,skipped by VERIFY_MODE=skip
114,6332.87,1,scored,17.869901489874422,solution/6332.87/task114.onnx,outputs/selected_submission/task114.onnx,,skipped by VERIFY_MODE=skip
115,6332.87,1,fallback_unscored,,solution/6332.87/task115.onnx,outputs/selected_submission/task115.onnx,,skipped by VERIFY_MODE=skip
116,6332.87,1,scored,21.59880261833785,solution/6332.87/task116.onnx,outputs/selected_submission/task116.onnx,,skipped by VERIFY_MODE=skip
117,6332.87,1,fallback_unscored,,solution/6332.87/task117.onnx,outputs/selected_submission/task117.onnx,,skipped by VERIFY_MODE=skip
118,6274.21,1,scored,13.336553290785616,solution/6274.21/task118.onnx,outputs/selected_submission/task118.onnx,,skipped by VERIFY_MODE=skip
119,6322.39,1,scored,15.371278294649109,solution/6322.39/task119.onnx,outputs/selected_submission/task119.onnx,,skipped by VERIFY_MODE=skip
120,6332.87,1,scored,18.186555400489105,solution/6332.87/task120.onnx,outputs/selected_submission/task120.onnx,,skipped by VERIFY_MODE=skip
121,6332.87,1,scored,16.215837777729526,solution/6332.87/task121.onnx,outputs/selected_submission/task121.onnx,,skipped by VERIFY_MODE=skip
122,6332.87,1,scored,17.17196196787417,solution/6332.87/task122.onnx,outputs/selected_submission/task122.onnx,,skipped by VERIFY_MODE=skip
123,6332.87,1,scored,16.680526307557813,solution/6332.87/task123.onnx,outputs/selected_submission/task123.onnx,,skipped by VERIFY_MODE=skip
124,6332.87,1,scored,15.634966238347335,solution/6332.87/task124.onnx,outputs/selected_submission/task124.onnx,,skipped by VERIFY_MODE=skip
125,6332.87,1,scored,15.495796696496956,solution/6332.87/task125.onnx,outputs/selected_submission/task125.onnx,,skipped by VERIFY_MODE=skip
126,6332.87,1,scored,13.64699683868028,solution/6332.87/task126.onnx,outputs/selected_submission/task126.onnx,,skipped by VERIFY_MODE=skip
127,6332.87,1,scored,18.197605236675688,solution/6332.87/task127.onnx,outputs/selected_submission/task127.onnx,,skipped by VERIFY_MODE=skip
128,6332.87,1,scored,13.538115229744358,solution/6332.87/task128.onnx,outputs/selected_submission/task128.onnx,,skipped by VERIFY_MODE=skip
129,6332.87,1,scored,18.855814365874355,solution/6332.87/task129.onnx,outputs/selected_submission/task129.onnx,,skipped by VERIFY_MODE=skip
130,6332.87,1,scored,16.670100707004273,solution/6332.87/task130.onnx,outputs/selected_submission/task130.onnx,,skipped by VERIFY_MODE=skip
131,6332.87,1,scored,14.295632567101045,solution/6332.87/task131.onnx,outputs/selected_submission/task131.onnx,,skipped by VERIFY_MODE=skip
132,6332.87,1,scored,14.709279200950512,solution/6332.87/task132.onnx,outputs/selected_submission/task132.onnx,,skipped by VERIFY_MODE=skip
133,6332.87,1,scored,12.83759192695609,solution/6332.87/task133.onnx,outputs/selected_submission/task133.onnx,,skipped by VERIFY_MODE=skip
134,6332.87,1,scored,15.576162453761413,solution/6332.87/task134.onnx,outputs/selected_submission/task134.onnx,,skipped by VERIFY_MODE=skip
135,6332.87,1,scored,19.113895968549844,solution/6332.87/task135.onnx,outputs/selected_submission/task135.onnx,,skipped by VERIFY_MODE=skip
136,6332.87,1,scored,16.516156788265317,solution/6332.87/task136.onnx,outputs/selected_submission/task136.onnx,,skipped by VERIFY_MODE=skip
137,6332.87,1,scored,13.821401075304742,solution/6332.87/task137.onnx,outputs/selected_submission/task137.onnx,,skipped by VERIFY_MODE=skip
138,6332.87,1,scored,14.211361567031112,solution/6332.87/task138.onnx,outputs/selected_submission/task138.onnx,,skipped by VERIFY_MODE=skip
139,6332.87,1,scored,16.803012072741105,solution/6332.87/task139.onnx,outputs/selected_submission/task139.onnx,,skipped by VERIFY_MODE=skip
140,6332.87,1,scored,19.09191706183107,solution/6332.87/task140.onnx,outputs/selected_submission/task140.onnx,,skipped by VERIFY_MODE=skip
141,6332.87,1,scored,16.04364905950913,solution/6332.87/task141.onnx,outputs/selected_submission/task141.onnx,,skipped by VERIFY_MODE=skip
142,6332.87,1,scored,17.672876707740706,solution/6332.87/task142.onnx,outputs/selected_submission/task142.onnx,,skipped by VERIFY_MODE=skip
143,6332.87,1,scored,15.12486048297936,solution/6332.87/task143.onnx,outputs/selected_submission/task143.onnx,,skipped by VERIFY_MODE=skip
144,6332.87,1,scored,18.93621479131239,solution/6332.87/task144.onnx,outputs/selected_submission/task144.onnx,,skipped by VERIFY_MODE=skip
145,6322.39,1,scored,13.900183785289691,solution/6322.39/task145.onnx,outputs/selected_submission/task145.onnx,,skipped by VERIFY_MODE=skip
146,6332.87,1,fallback_unscored,,solution/6332.87/task146.onnx,outputs/selected_submission/task146.onnx,,skipped by VERIFY_MODE=skip
147,6332.87,1,scored,18.186555400489105,solution/6332.87/task147.onnx,outputs/selected_submission/task147.onnx,,skipped by VERIFY_MODE=skip
148,6332.87,1,scored,14.99988495388028,solution/6332.87/task148.onnx,outputs/selected_submission/task148.onnx,,skipped by VERIFY_MODE=skip
149,6332.87,1,scored,19.54041448585584,solution/6332.87/task149.onnx,outputs/selected_submission/task149.onnx,,skipped by VERIFY_MODE=skip
150,6332.87,1,scored,18.44322164384196,solution/6332.87/task150.onnx,outputs/selected_submission/task150.onnx,,skipped by VERIFY_MODE=skip
151,6332.87,1,scored,18.186555400489105,solution/6332.87/task151.onnx,outputs/selected_submission/task151.onnx,,skipped by VERIFY_MODE=skip
152,6332.87,1,scored,17.672876707740706,solution/6332.87/task152.onnx,outputs/selected_submission/task152.onnx,,skipped by VERIFY_MODE=skip
153,6332.87,1,scored,15.037536242363574,solution/6332.87/task153.onnx,outputs/selected_submission/task153.onnx,,skipped by VERIFY_MODE=skip
154,6332.87,1,scored,14.596525348878876,solution/6332.87/task154.onnx,outputs/selected_submission/task154.onnx,,skipped by VERIFY_MODE=skip
155,6332.87,1,scored,18.44322164384196,solution/6332.87/task155.onnx,outputs/selected_submission/task155.onnx,,skipped by VERIFY_MODE=skip
156,6322.39,1,scored,14.943662613369662,solution/6322.39/task156.onnx,outputs/selected_submission/task156.onnx,,skipped by VERIFY_MODE=skip
157,6322.39,1,scored,13.764251974836467,solution/6322.39/task157.onnx,outputs/selected_submission/task157.onnx,,skipped by VERIFY_MODE=skip
158,6332.87,1,scored,12.837576257600388,solution/6332.87/task158.onnx,outputs/selected_submission/task158.onnx,,skipped by VERIFY_MODE=skip
159,6332.87,1,scored,13.600008098407727,solution/6332.87/task159.onnx,outputs/selected_submission/task159.onnx,,skipped by VERIFY_MODE=skip
160,6332.87,1,scored,16.569454615309432,solution/6332.87/task160.onnx,outputs/selected_submission/task160.onnx,,skipped by VERIFY_MODE=skip
161,6274.21,1,scored,13.92342677722172,solution/6274.21/task161.onnx,outputs/selected_submission/task161.onnx,,skipped by VERIFY_MODE=skip
162,6332.87,1,scored,13.944501582071068,solution/6332.87/task162.onnx,outputs/selected_submission/task162.onnx,,skipped by VERIFY_MODE=skip
163,6332.87,1,scored,14.911070763333674,solution/6332.87/task163.onnx,outputs/selected_submission/task163.onnx,,skipped by VERIFY_MODE=skip
164,6332.87,1,scored,21.59880261833785,solution/6332.87/task164.onnx,outputs/selected_submission/task164.onnx,,skipped by VERIFY_MODE=skip
165,6332.87,1,scored,13.892729661190222,solution/6332.87/task165.onnx,outputs/selected_submission/task165.onnx,,skipped by VERIFY_MODE=skip
166,6332.87,1,scored,14.881844714630706,solution/6332.87/task166.onnx,outputs/selected_submission/task166.onnx,,skipped by VERIFY_MODE=skip
167,6332.87,1,scored,18.47350514042921,solution/6332.87/task167.onnx,outputs/selected_submission/task167.onnx,,skipped by VERIFY_MODE=skip
168,6332.87,1,scored,15.076562772156253,solution/6332.87/task168.onnx,outputs/selected_submission/task168.onnx,,skipped by VERIFY_MODE=skip
169,6322.39,1,scored,15.157537149301646,solution/6322.39/task169.onnx,outputs/selected_submission/task169.onnx,,skipped by VERIFY_MODE=skip
170,6322.39,1,scored,13.980469623732878,solution/6322.39/task170.onnx,outputs/selected_submission/task170.onnx,,skipped by VERIFY_MODE=skip
171,6332.87,1,scored,18.186555400489105,solution/6332.87/task171.onnx,outputs/selected_submission/task171.onnx,,skipped by VERIFY_MODE=skip
172,6332.87,1,scored,21.59880261833785,solution/6332.87/task172.onnx,outputs/selected_submission/task172.onnx,,skipped by VERIFY_MODE=skip
173,6332.87,1,scored,13.54635755719361,solution/6332.87/task173.onnx,outputs/selected_submission/task173.onnx,,skipped by VERIFY_MODE=skip
174,6322.39,1,scored,14.599745180948922,solution/6322.39/task174.onnx,outputs/selected_submission/task174.onnx,,skipped by VERIFY_MODE=skip
175,6332.87,1,scored,13.619909027688353,solution/6332.87/task175.onnx,outputs/selected_submission/task175.onnx,,skipped by VERIFY_MODE=skip
176,6332.87,1,scored,16.022853515191528,solution/6332.87/task176.onnx,outputs/selected_submission/task176.onnx,,skipped by VERIFY_MODE=skip
177,6332.87,1,scored,13.978195575521427,solution/6332.87/task177.onnx,outputs/selected_submission/task177.onnx,,skipped by VERIFY_MODE=skip
178,6332.87,1,scored,15.478065735525725,solution/6332.87/task178.onnx,outputs/selected_submission/task178.onnx,,skipped by VERIFY_MODE=skip
179,6332.87,1,scored,25.0,solution/6332.87/task179.onnx,outputs/selected_submission/task179.onnx,,skipped by VERIFY_MODE=skip
180,6332.87,1,scored,16.084030688626395,solution/6332.87/task180.onnx,outputs/selected_submission/task180.onnx,,skipped by VERIFY_MODE=skip
181,6332.87,1,scored,17.91493570604745,solution/6332.87/task181.onnx,outputs/selected_submission/task181.onnx,,skipped by VERIFY_MODE=skip
182,6332.87,1,scored,14.22901287975965,solution/6332.87/task182.onnx,outputs/selected_submission/task182.onnx,,skipped by VERIFY_MODE=skip
183,6332.87,1,scored,14.878662884610772,solution/6332.87/task183.onnx,outputs/selected_submission/task183.onnx,,skipped by VERIFY_MODE=skip
184,6332.87,1,scored,14.432407952356655,solution/6332.87/task184.onnx,outputs/selected_submission/task184.onnx,,skipped by VERIFY_MODE=skip
185,6332.87,1,scored,14.521811022110407,solution/6332.87/task185.onnx,outputs/selected_submission/task185.onnx,,skipped by VERIFY_MODE=skip
186,6332.87,1,scored,19.10284613236326,solution/6332.87/task186.onnx,outputs/selected_submission/task186.onnx,,skipped by VERIFY_MODE=skip
187,6332.87,1,scored,13.65416862049296,solution/6332.87/task187.onnx,outputs/selected_submission/task187.onnx,,skipped by VERIFY_MODE=skip
188,6332.87,1,scored,15.725371138141456,solution/6332.87/task188.onnx,outputs/selected_submission/task188.onnx,,skipped by VERIFY_MODE=skip
189,6332.87,1,scored,14.887914167591696,solution/6332.87/task189.onnx,outputs/selected_submission/task189.onnx,,skipped by VERIFY_MODE=skip
190,6332.87,1,scored,15.67597386362,solution/6332.87/task190.onnx,outputs/selected_submission/task190.onnx,,skipped by VERIFY_MODE=skip
191,6332.87,1,scored,13.872325335887696,solution/6332.87/task191.onnx,outputs/selected_submission/task191.onnx,,skipped by VERIFY_MODE=skip
192,6332.87,1,scored,14.14161657647865,solution/6332.87/task192.onnx,outputs/selected_submission/task192.onnx,,skipped by VERIFY_MODE=skip
193,6332.87,1,scored,14.109558240338645,solution/6332.87/task193.onnx,outputs/selected_submission/task193.onnx,,skipped by VERIFY_MODE=skip
194,6332.87,1,scored,17.672876707740706,solution/6332.87/task194.onnx,outputs/selected_submission/task194.onnx,,skipped by VERIFY_MODE=skip
195,6332.87,1,scored,15.436962585454308,solution/6332.87/task195.onnx,outputs/selected_submission/task195.onnx,,skipped by VERIFY_MODE=skip
196,6332.87,1,scored,14.619005786490735,solution/6332.87/task196.onnx,outputs/selected_submission/task196.onnx,,skipped by VERIFY_MODE=skip
197,6332.87,1,scored,14.166555524825904,solution/6332.87/task197.onnx,outputs/selected_submission/task197.onnx,,skipped by VERIFY_MODE=skip
198,6332.87,1,scored,14.203387993621556,solution/6332.87/task198.onnx,outputs/selected_submission/task198.onnx,,skipped by VERIFY_MODE=skip
199,6332.87,1,scored,15.30989132872317,solution/6332.87/task199.onnx,outputs/selected_submission/task199.onnx,,skipped by VERIFY_MODE=skip
200,6274.21,1,scored,16.912052445357332,solution/6274.21/task200.onnx,outputs/selected_submission/task200.onnx,,skipped by VERIFY_MODE=skip
201,6322.39,1,scored,13.718880496922637,solution/6322.39/task201.onnx,outputs/selected_submission/task201.onnx,,skipped by VERIFY_MODE=skip
202,6322.39,1,scored,14.529835930957876,solution/6322.39/task202.onnx,outputs/selected_submission/task202.onnx,,skipped by VERIFY_MODE=skip
203,6332.87,1,scored,13.645578007863532,solution/6332.87/task203.onnx,outputs/selected_submission/task203.onnx,,skipped by VERIFY_MODE=skip
204,6322.39,1,scored,14.236792067078111,solution/6322.39/task204.onnx,outputs/selected_submission/task204.onnx,,skipped by VERIFY_MODE=skip
205,6332.87,1,scored,13.83389816291813,solution/6332.87/task205.onnx,outputs/selected_submission/task205.onnx,,skipped by VERIFY_MODE=skip
206,6332.87,1,scored,13.975062924893004,solution/6332.87/task206.onnx,outputs/selected_submission/task206.onnx,,skipped by VERIFY_MODE=skip
207,6332.87,1,scored,17.463636061595487,solution/6332.87/task207.onnx,outputs/selected_submission/task207.onnx,,skipped by VERIFY_MODE=skip
208,6322.39,1,scored,13.57361329644701,solution/6322.39/task208.onnx,outputs/selected_submission/task208.onnx,,skipped by VERIFY_MODE=skip
209,6322.39,1,scored,13.357494689493878,solution/6322.39/task209.onnx,outputs/selected_submission/task209.onnx,,skipped by VERIFY_MODE=skip
210,6332.87,1,scored,21.59880261833785,solution/6332.87/task210.onnx,outputs/selected_submission/task210.onnx,,skipped by VERIFY_MODE=skip
211,6332.87,1,scored,17.672876707740706,solution/6332.87/task211.onnx,outputs/selected_submission/task211.onnx,,skipped by VERIFY_MODE=skip
212,6332.87,1,scored,15.972381264839113,solution/6332.87/task212.onnx,outputs/selected_submission/task212.onnx,,skipped by VERIFY_MODE=skip
213,6332.87,1,scored,14.48941347152938,solution/6332.87/task213.onnx,outputs/selected_submission/task213.onnx,,skipped by VERIFY_MODE=skip
214,6332.87,1,scored,17.759350305744533,solution/6332.87/task214.onnx,outputs/selected_submission/task214.onnx,,skipped by VERIFY_MODE=skip
215,6332.87,1,scored,14.452187931601497,solution/6332.87/task215.onnx,outputs/selected_submission/task215.onnx,,skipped by VERIFY_MODE=skip
216,6322.39,1,scored,13.562736020953684,solution/6322.39/task216.onnx,outputs/selected_submission/task216.onnx,,skipped by VERIFY_MODE=skip
217,6332.87,1,scored,15.206104124093969,solution/6332.87/task217.onnx,outputs/selected_submission/task217.onnx,,skipped by VERIFY_MODE=skip
218,6322.39,1,scored,15.289854507541293,solution/6322.39/task218.onnx,outputs/selected_submission/task218.onnx,,skipped by VERIFY_MODE=skip
219,6332.87,1,scored,14.143928359892447,solution/6332.87/task219.onnx,outputs/selected_submission/task219.onnx,,skipped by VERIFY_MODE=skip
220,6332.87,1,scored,18.197605236675688,solution/6332.87/task220.onnx,outputs/selected_submission/task220.onnx,,skipped by VERIFY_MODE=skip
221,6332.87,1,scored,14.069235056400384,solution/6332.87/task221.onnx,outputs/selected_submission/task221.onnx,,skipped by VERIFY_MODE=skip
222,6332.87,1,scored,14.031198444197276,solution/6332.87/task222.onnx,outputs/selected_submission/task222.onnx,,skipped by VERIFY_MODE=skip
223,6332.87,1,scored,20.50019032966973,solution/6332.87/task223.onnx,outputs/selected_submission/task223.onnx,,skipped by VERIFY_MODE=skip
224,6332.87,1,scored,14.275455898281896,solution/6332.87/task224.onnx,outputs/selected_submission/task224.onnx,,skipped by VERIFY_MODE=skip
225,6332.87,1,scored,15.68728356140695,solution/6332.87/task225.onnx,outputs/selected_submission/task225.onnx,,skipped by VERIFY_MODE=skip
226,6332.87,1,scored,16.53220715887889,solution/6332.87/task226.onnx,outputs/selected_submission/task226.onnx,,skipped by VERIFY_MODE=skip
227,6332.87,1,scored,17.96209403655282,solution/6332.87/task227.onnx,outputs/selected_submission/task227.onnx,,skipped by VERIFY_MODE=skip
228,6332.87,1,scored,14.86993479941538,solution/6332.87/task228.onnx,outputs/selected_submission/task228.onnx,,skipped by VERIFY_MODE=skip
229,6332.87,1,scored,17.74936448810132,solution/6332.87/task229.onnx,outputs/selected_submission/task229.onnx,,skipped by VERIFY_MODE=skip
230,6332.87,1,scored,18.197605236675688,solution/6332.87/task230.onnx,outputs/selected_submission/task230.onnx,,skipped by VERIFY_MODE=skip
231,6332.87,1,scored,14.445698819920006,solution/6332.87/task231.onnx,outputs/selected_submission/task231.onnx,,skipped by VERIFY_MODE=skip
232,6332.87,1,scored,14.707956157758622,solution/6332.87/task232.onnx,outputs/selected_submission/task232.onnx,,skipped by VERIFY_MODE=skip
233,6332.87,1,scored,13.251931269136003,solution/6332.87/task233.onnx,outputs/selected_submission/task233.onnx,,skipped by VERIFY_MODE=skip
234,6332.87,1,scored,13.689154000119816,solution/6332.87/task234.onnx,outputs/selected_submission/task234.onnx,,skipped by VERIFY_MODE=skip
235,6332.87,1,scored,17.801068759311825,solution/6332.87/task235.onnx,outputs/selected_submission/task235.onnx,,skipped by VERIFY_MODE=skip
236,6274.21,1,scored,18.53697054307933,solution/6274.21/task236.onnx,outputs/selected_submission/task236.onnx,,skipped by VERIFY_MODE=skip
237,6332.87,1,scored,15.430308268881676,solution/6332.87/task237.onnx,outputs/selected_submission/task237.onnx,,skipped by VERIFY_MODE=skip
238,6332.87,1,scored,13.927876707427622,solution/6332.87/task238.onnx,outputs/selected_submission/task238.onnx,,skipped by VERIFY_MODE=skip
239,6332.87,1,scored,13.54388830238479,solution/6332.87/task239.onnx,outputs/selected_submission/task239.onnx,,skipped by VERIFY_MODE=skip
240,6332.87,1,scored,14.765519480374964,solution/6332.87/task240.onnx,outputs/selected_submission/task240.onnx,,skipped by VERIFY_MODE=skip
241,6332.87,1,scored,25.0,solution/6332.87/task241.onnx,outputs/selected_submission/task241.onnx,,skipped by VERIFY_MODE=skip
242,6332.87,1,scored,15.090580078810763,solution/6332.87/task242.onnx,outputs/selected_submission/task242.onnx,,skipped by VERIFY_MODE=skip
243,6332.87,1,scored,13.461270345348238,solution/6332.87/task243.onnx,outputs/selected_submission/task243.onnx,,skipped by VERIFY_MODE=skip
244,6332.87,1,scored,14.633344629227418,solution/6332.87/task244.onnx,outputs/selected_submission/task244.onnx,,skipped by VERIFY_MODE=skip
245,6332.87,1,scored,14.724535183516696,solution/6332.87/task245.onnx,outputs/selected_submission/task245.onnx,,skipped by VERIFY_MODE=skip
246,6332.87,1,scored,15.497661881504436,solution/6332.87/task246.onnx,outputs/selected_submission/task246.onnx,,skipped by VERIFY_MODE=skip
247,6332.87,1,scored,16.272870084756832,solution/6332.87/task247.onnx,outputs/selected_submission/task247.onnx,,skipped by VERIFY_MODE=skip
248,6332.87,1,scored,16.218905264797385,solution/6332.87/task248.onnx,outputs/selected_submission/task248.onnx,,skipped by VERIFY_MODE=skip
249,6332.87,1,scored,15.895242390598884,solution/6332.87/task249.onnx,outputs/selected_submission/task249.onnx,,skipped by VERIFY_MODE=skip
250,6332.87,1,scored,15.59573893538651,solution/6332.87/task250.onnx,outputs/selected_submission/task250.onnx,,skipped by VERIFY_MODE=skip
251,6332.87,1,scored,13.481291290274044,solution/6332.87/task251.onnx,outputs/selected_submission/task251.onnx,,skipped by VERIFY_MODE=skip
252,6332.87,1,scored,14.453028311923028,solution/6332.87/task252.onnx,outputs/selected_submission/task252.onnx,,skipped by VERIFY_MODE=skip
253,6332.87,1,scored,14.215455188361384,solution/6332.87/task253.onnx,outputs/selected_submission/task253.onnx,,skipped by VERIFY_MODE=skip
254,6332.87,1,scored,16.018318360026136,solution/6332.87/task254.onnx,outputs/selected_submission/task254.onnx,,skipped by VERIFY_MODE=skip
255,6332.87,1,scored,12.20004265377264,solution/6332.87/task255.onnx,outputs/selected_submission/task255.onnx,,skipped by VERIFY_MODE=skip
256,6332.87,1,scored,15.197383057848846,solution/6332.87/task256.onnx,outputs/selected_submission/task256.onnx,,skipped by VERIFY_MODE=skip
257,6332.87,1,scored,18.01806532284361,solution/6332.87/task257.onnx,outputs/selected_submission/task257.onnx,,skipped by VERIFY_MODE=skip
258,6332.87,1,scored,19.92482618476617,solution/6332.87/task258.onnx,outputs/selected_submission/task258.onnx,,skipped by VERIFY_MODE=skip
259,6332.87,1,scored,16.169018489047502,solution/6332.87/task259.onnx,outputs/selected_submission/task259.onnx,,skipped by VERIFY_MODE=skip
260,6332.87,1,scored,15.568678412874291,solution/6332.87/task260.onnx,outputs/selected_submission/task260.onnx,,skipped by VERIFY_MODE=skip
261,6332.87,1,scored,19.701682633451963,solution/6332.87/task261.onnx,outputs/selected_submission/task261.onnx,,skipped by VERIFY_MODE=skip
262,6332.87,1,scored,16.765169719557946,solution/6332.87/task262.onnx,outputs/selected_submission/task262.onnx,,skipped by VERIFY_MODE=skip
263,6322.39,1,scored,16.112347309674412,solution/6322.39/task263.onnx,outputs/selected_submission/task263.onnx,,skipped by VERIFY_MODE=skip
264,6332.87,1,scored,13.720116918523228,solution/6332.87/task264.onnx,outputs/selected_submission/task264.onnx,,skipped by VERIFY_MODE=skip
265,6332.87,1,scored,14.424537832136728,solution/6332.87/task265.onnx,outputs/selected_submission/task265.onnx,,skipped by VERIFY_MODE=skip
266,6332.87,1,scored,18.186555400489105,solution/6332.87/task266.onnx,outputs/selected_submission/task266.onnx,,skipped by VERIFY_MODE=skip
267,6332.87,1,scored,17.904106778902467,solution/6332.87/task267.onnx,outputs/selected_submission/task267.onnx,,skipped by VERIFY_MODE=skip
268,6322.39,1,scored,15.15493636760159,solution/6322.39/task268.onnx,outputs/selected_submission/task268.onnx,,skipped by VERIFY_MODE=skip
269,6332.87,1,scored,15.94024998665632,solution/6332.87/task269.onnx,outputs/selected_submission/task269.onnx,,skipped by VERIFY_MODE=skip
270,6332.87,1,scored,14.853527053936125,solution/6332.87/task270.onnx,outputs/selected_submission/task270.onnx,,skipped by VERIFY_MODE=skip
271,6332.87,1,scored,14.725259284025896,solution/6332.87/task271.onnx,outputs/selected_submission/task271.onnx,,skipped by VERIFY_MODE=skip
272,6332.87,1,scored,18.86877351051686,solution/6332.87/task272.onnx,outputs/selected_submission/task272.onnx,,skipped by VERIFY_MODE=skip
273,6332.87,1,scored,16.311040765729324,solution/6332.87/task273.onnx,outputs/selected_submission/task273.onnx,,skipped by VERIFY_MODE=skip
274,6332.87,1,scored,15.988476487346968,solution/6332.87/task274.onnx,outputs/selected_submission/task274.onnx,,skipped by VERIFY_MODE=skip
275,6332.87,1,scored,14.15589990344465,solution/6332.87/task275.onnx,outputs/selected_submission/task275.onnx,,skipped by VERIFY_MODE=skip
276,6332.87,1,scored,22.697414907005957,solution/6332.87/task276.onnx,outputs/selected_submission/task276.onnx,,skipped by VERIFY_MODE=skip
277,6332.87,1,scored,15.410059486110708,solution/6332.87/task277.onnx,outputs/selected_submission/task277.onnx,,skipped by VERIFY_MODE=skip
278,6332.87,1,scored,14.674714778068148,solution/6332.87/task278.onnx,outputs/selected_submission/task278.onnx,,skipped by VERIFY_MODE=skip
279,6332.87,1,scored,14.821535747509644,solution/6332.87/task279.onnx,outputs/selected_submission/task279.onnx,,skipped by VERIFY_MODE=skip
280,6322.39,1,scored,13.89457671656386,solution/6322.39/task280.onnx,outputs/selected_submission/task280.onnx,,skipped by VERIFY_MODE=skip
281,6332.87,1,scored,13.60794357751076,solution/6332.87/task281.onnx,outputs/selected_submission/task281.onnx,,skipped by VERIFY_MODE=skip
282,6332.87,1,scored,18.197605236675688,solution/6332.87/task282.onnx,outputs/selected_submission/task282.onnx,,skipped by VERIFY_MODE=skip
283,6332.87,1,scored,18.186555400489105,solution/6332.87/task283.onnx,outputs/selected_submission/task283.onnx,,skipped by VERIFY_MODE=skip
284,6332.87,1,scored,13.951446054423878,solution/6332.87/task284.onnx,outputs/selected_submission/task284.onnx,,skipped by VERIFY_MODE=skip
285,6332.87,1,scored,13.27370660983049,solution/6332.87/task285.onnx,outputs/selected_submission/task285.onnx,,skipped by VERIFY_MODE=skip
286,6332.87,1,fallback_unscored,,solution/6332.87/task286.onnx,outputs/selected_submission/task286.onnx,,skipped by VERIFY_MODE=skip
287,6332.87,1,fallback_unscored,,solution/6332.87/task287.onnx,outputs/selected_submission/task287.onnx,,skipped by VERIFY_MODE=skip
288,6332.87,1,scored,14.632558329669694,solution/6332.87/task288.onnx,outputs/selected_submission/task288.onnx,,skipped by VERIFY_MODE=skip
289,6332.87,1,scored,14.874489523818363,solution/6332.87/task289.onnx,outputs/selected_submission/task289.onnx,,skipped by VERIFY_MODE=skip
290,6332.87,1,scored,15.631972352188225,solution/6332.87/task290.onnx,outputs/selected_submission/task290.onnx,,skipped by VERIFY_MODE=skip
291,6332.87,1,scored,16.627370259775116,solution/6332.87/task291.onnx,outputs/selected_submission/task291.onnx,,skipped by VERIFY_MODE=skip
292,6332.87,1,scored,16.250901751600978,solution/6332.87/task292.onnx,outputs/selected_submission/task292.onnx,,skipped by VERIFY_MODE=skip
293,6332.87,1,scored,14.91707003142076,solution/6332.87/task293.onnx,outputs/selected_submission/task293.onnx,,skipped by VERIFY_MODE=skip
294,6332.87,1,scored,18.186555400489105,solution/6332.87/task294.onnx,outputs/selected_submission/task294.onnx,,skipped by VERIFY_MODE=skip
295,6332.87,1,scored,15.591628777524685,solution/6332.87/task295.onnx,outputs/selected_submission/task295.onnx,,skipped by VERIFY_MODE=skip
296,6332.87,1,scored,16.67955188604344,solution/6332.87/task296.onnx,outputs/selected_submission/task296.onnx,,skipped by VERIFY_MODE=skip
297,6332.87,1,scored,15.876198389441056,solution/6332.87/task297.onnx,outputs/selected_submission/task297.onnx,,skipped by VERIFY_MODE=skip
298,6332.87,1,scored,15.387667209394625,solution/6332.87/task298.onnx,outputs/selected_submission/task298.onnx,,skipped by VERIFY_MODE=skip
299,6332.87,1,scored,17.5510838974558,solution/6332.87/task299.onnx,outputs/selected_submission/task299.onnx,,skipped by VERIFY_MODE=skip
300,6332.87,1,scored,13.741373412351637,solution/6332.87/task300.onnx,outputs/selected_submission/task300.onnx,,skipped by VERIFY_MODE=skip
301,6332.87,1,scored,13.973077473364416,solution/6332.87/task301.onnx,outputs/selected_submission/task301.onnx,,skipped by VERIFY_MODE=skip
302,6332.87,1,scored,16.03863393937255,solution/6332.87/task302.onnx,outputs/selected_submission/task302.onnx,,skipped by VERIFY_MODE=skip
303,6274.21,1,scored,13.701382237681582,solution/6274.21/task303.onnx,outputs/selected_submission/task303.onnx,,skipped by VERIFY_MODE=skip
304,6332.87,1,scored,15.708263989819825,solution/6332.87/task304.onnx,outputs/selected_submission/task304.onnx,,skipped by VERIFY_MODE=skip
305,6332.87,1,scored,16.71802294113224,solution/6332.87/task305.onnx,outputs/selected_submission/task305.onnx,,skipped by VERIFY_MODE=skip
306,6332.87,1,scored,13.9264791265675,solution/6332.87/task306.onnx,outputs/selected_submission/task306.onnx,,skipped by VERIFY_MODE=skip
307,6332.87,1,scored,21.311120545886062,solution/6332.87/task307.onnx,outputs/selected_submission/task307.onnx,,skipped by VERIFY_MODE=skip
308,6332.87,1,scored,15.010380623834584,solution/6332.87/task308.onnx,outputs/selected_submission/task308.onnx,,skipped by VERIFY_MODE=skip
309,6332.87,1,scored,22.697414907005957,solution/6332.87/task309.onnx,outputs/selected_submission/task309.onnx,,skipped by VERIFY_MODE=skip
310,6332.87,1,scored,14.844237369643414,solution/6332.87/task310.onnx,outputs/selected_submission/task310.onnx,,skipped by VERIFY_MODE=skip
311,6332.87,1,scored,21.59880261833785,solution/6332.87/task311.onnx,outputs/selected_submission/task311.onnx,,skipped by VERIFY_MODE=skip
312,6332.87,1,scored,15.791761836115688,solution/6332.87/task312.onnx,outputs/selected_submission/task312.onnx,,skipped by VERIFY_MODE=skip
313,6322.39,1,scored,13.83674549281574,solution/6322.39/task313.onnx,outputs/selected_submission/task313.onnx,,skipped by VERIFY_MODE=skip
314,6332.87,1,scored,18.78539190157781,solution/6332.87/task314.onnx,outputs/selected_submission/task314.onnx,,skipped by VERIFY_MODE=skip
315,6332.87,1,scored,16.87230014718223,solution/6332.87/task315.onnx,outputs/selected_submission/task315.onnx,,skipped by VERIFY_MODE=skip
316,6332.87,1,scored,16.730755478816945,solution/6332.87/task316.onnx,outputs/selected_submission/task316.onnx,,skipped by VERIFY_MODE=skip
317,6332.87,1,scored,18.197605236675688,solution/6332.87/task317.onnx,outputs/selected_submission/task317.onnx,,skipped by VERIFY_MODE=skip
318,6274.21,1,scored,18.397412107810663,solution/6274.21/task318.onnx,outputs/selected_submission/task318.onnx,,skipped by VERIFY_MODE=skip
319,6332.87,1,scored,14.580490348791065,solution/6332.87/task319.onnx,outputs/selected_submission/task319.onnx,,skipped by VERIFY_MODE=skip
320,6322.39,1,scored,16.9893084608697,solution/6322.39/task320.onnx,outputs/selected_submission/task320.onnx,,skipped by VERIFY_MODE=skip
321,6332.87,1,scored,16.403810802357263,solution/6332.87/task321.onnx,outputs/selected_submission/task321.onnx,,skipped by VERIFY_MODE=skip
322,6274.21,1,scored,18.23727049306812,solution/6274.21/task322.onnx,outputs/selected_submission/task322.onnx,,skipped by VERIFY_MODE=skip
323,6332.87,1,scored,16.5810813778521,solution/6332.87/task323.onnx,outputs/selected_submission/task323.onnx,,skipped by VERIFY_MODE=skip
324,6274.21,1,scored,14.2030810097358,solution/6274.21/task324.onnx,outputs/selected_submission/task324.onnx,,skipped by VERIFY_MODE=skip
325,6332.87,1,fallback_unscored,,solution/6332.87/task325.onnx,outputs/selected_submission/task325.onnx,,skipped by VERIFY_MODE=skip
326,6332.87,1,scored,19.92482618476617,solution/6332.87/task326.onnx,outputs/selected_submission/task326.onnx,,skipped by VERIFY_MODE=skip
327,6332.87,1,scored,16.072287826172918,solution/6332.87/task327.onnx,outputs/selected_submission/task327.onnx,,skipped by VERIFY_MODE=skip
328,6274.21,1,scored,13.886165004389737,solution/6274.21/task328.onnx,outputs/selected_submission/task328.onnx,,skipped by VERIFY_MODE=skip
329,6332.87,1,scored,15.76399188127524,solution/6332.87/task329.onnx,outputs/selected_submission/task329.onnx,,skipped by VERIFY_MODE=skip
330,6332.87,1,scored,15.216591867794412,solution/6332.87/task330.onnx,outputs/selected_submission/task330.onnx,,skipped by VERIFY_MODE=skip
331,6332.87,1,scored,18.186555400489105,solution/6332.87/task331.onnx,outputs/selected_submission/task331.onnx,,skipped by VERIFY_MODE=skip
332,6332.87,1,scored,15.998407299054294,solution/6332.87/task332.onnx,outputs/selected_submission/task332.onnx,,skipped by VERIFY_MODE=skip
333,6322.39,1,scored,14.89010822015396,solution/6322.39/task333.onnx,outputs/selected_submission/task333.onnx,,skipped by VERIFY_MODE=skip
334,6332.87,1,scored,18.588181732290103,solution/6332.87/task334.onnx,outputs/selected_submission/task334.onnx,,skipped by VERIFY_MODE=skip
335,6332.87,1,scored,14.2582048789148,solution/6332.87/task335.onnx,outputs/selected_submission/task335.onnx,,skipped by VERIFY_MODE=skip
336,6322.39,1,scored,16.518019564339507,solution/6322.39/task336.onnx,outputs/selected_submission/task336.onnx,,skipped by VERIFY_MODE=skip
337,6332.87,1,scored,22.697414907005957,solution/6332.87/task337.onnx,outputs/selected_submission/task337.onnx,,skipped by VERIFY_MODE=skip
338,6332.87,1,scored,14.285226738886886,solution/6332.87/task338.onnx,outputs/selected_submission/task338.onnx,,skipped by VERIFY_MODE=skip
339,6332.87,1,scored,18.21554293736236,solution/6332.87/task339.onnx,outputs/selected_submission/task339.onnx,,skipped by VERIFY_MODE=skip
340,6332.87,1,scored,13.83887566105239,solution/6332.87/task340.onnx,outputs/selected_submission/task340.onnx,,skipped by VERIFY_MODE=skip
341,6332.87,1,scored,15.15493636760159,solution/6332.87/task341.onnx,outputs/selected_submission/task341.onnx,,skipped by VERIFY_MODE=skip
342,6332.87,1,scored,15.640119560754242,solution/6332.87/task342.onnx,outputs/selected_submission/task342.onnx,,skipped by VERIFY_MODE=skip
343,6332.87,1,scored,14.779659997712312,solution/6332.87/task343.onnx,outputs/selected_submission/task343.onnx,,skipped by VERIFY_MODE=skip
344,6332.87,1,scored,18.186555400489105,solution/6332.87/task344.onnx,outputs/selected_submission/task344.onnx,,skipped by VERIFY_MODE=skip
345,6332.87,1,scored,15.631289292052376,solution/6332.87/task345.onnx,outputs/selected_submission/task345.onnx,,skipped by VERIFY_MODE=skip
346,6332.87,1,scored,15.884849815027566,solution/6332.87/task346.onnx,outputs/selected_submission/task346.onnx,,skipped by VERIFY_MODE=skip
347,6332.87,1,scored,18.527653705499095,solution/6332.87/task347.onnx,outputs/selected_submission/task347.onnx,,skipped by VERIFY_MODE=skip
348,6332.87,1,scored,16.11719194507556,solution/6332.87/task348.onnx,outputs/selected_submission/task348.onnx,,skipped by VERIFY_MODE=skip
349,6332.87,1,scored,14.306261242455944,solution/6332.87/task349.onnx,outputs/selected_submission/task349.onnx,,skipped by VERIFY_MODE=skip
350,6332.87,1,scored,15.10504877848616,solution/6332.87/task350.onnx,outputs/selected_submission/task350.onnx,,skipped by VERIFY_MODE=skip
351,6332.87,1,scored,14.532506311227156,solution/6332.87/task351.onnx,outputs/selected_submission/task351.onnx,,skipped by VERIFY_MODE=skip
352,6332.87,1,scored,18.186555400489105,solution/6332.87/task352.onnx,outputs/selected_submission/task352.onnx,,skipped by VERIFY_MODE=skip
353,6332.87,1,scored,16.403810802357263,solution/6332.87/task353.onnx,outputs/selected_submission/task353.onnx,,skipped by VERIFY_MODE=skip
354,6332.87,1,scored,15.258619697007587,solution/6332.87/task354.onnx,outputs/selected_submission/task354.onnx,,skipped by VERIFY_MODE=skip
355,6332.87,1,scored,15.624569008158224,solution/6332.87/task355.onnx,outputs/selected_submission/task355.onnx,,skipped by VERIFY_MODE=skip
356,6332.87,1,scored,16.482606828581098,solution/6332.87/task356.onnx,outputs/selected_submission/task356.onnx,,skipped by VERIFY_MODE=skip
357,6332.87,1,scored,16.20942652084284,solution/6332.87/task357.onnx,outputs/selected_submission/task357.onnx,,skipped by VERIFY_MODE=skip
358,6332.87,1,scored,14.223734827921463,solution/6332.87/task358.onnx,outputs/selected_submission/task358.onnx,,skipped by VERIFY_MODE=skip
359,6332.87,1,scored,14.347150353576192,solution/6332.87/task359.onnx,outputs/selected_submission/task359.onnx,,skipped by VERIFY_MODE=skip
360,6332.87,1,scored,15.681164031870518,solution/6332.87/task360.onnx,outputs/selected_submission/task360.onnx,,skipped by VERIFY_MODE=skip
361,6332.87,1,scored,15.32491982845318,solution/6332.87/task361.onnx,outputs/selected_submission/task361.onnx,,skipped by VERIFY_MODE=skip
362,6332.87,1,scored,15.612434368654611,solution/6332.87/task362.onnx,outputs/selected_submission/task362.onnx,,skipped by VERIFY_MODE=skip
363,6274.21,1,scored,13.625050073974103,solution/6274.21/task363.onnx,outputs/selected_submission/task363.onnx,,skipped by VERIFY_MODE=skip
364,6332.87,1,scored,13.754457371489742,solution/6332.87/task364.onnx,outputs/selected_submission/task364.onnx,,skipped by VERIFY_MODE=skip
365,6322.39,1,scored,14.808293019413474,solution/6322.39/task365.onnx,outputs/selected_submission/task365.onnx,,skipped by VERIFY_MODE=skip
366,6332.87,1,scored,13.501477765340516,solution/6332.87/task366.onnx,outputs/selected_submission/task366.onnx,,skipped by VERIFY_MODE=skip
367,6322.39,1,scored,13.1409631899546,solution/6322.39/task367.onnx,outputs/selected_submission/task367.onnx,,skipped by VERIFY_MODE=skip
368,6332.87,1,scored,14.68998124117371,solution/6332.87/task368.onnx,outputs/selected_submission/task368.onnx,,skipped by VERIFY_MODE=skip
369,6274.21,1,scored,16.10040564007415,solution/6274.21/task369.onnx,outputs/selected_submission/task369.onnx,,skipped by VERIFY_MODE=skip
370,6332.87,1,scored,13.886671892110051,solution/6332.87/task370.onnx,outputs/selected_submission/task370.onnx,,skipped by VERIFY_MODE=skip
371,6332.87,1,scored,15.50983333153762,solution/6332.87/task371.onnx,outputs/selected_submission/task371.onnx,,skipped by VERIFY_MODE=skip
372,6274.21,1,scored,16.02817065646915,solution/6274.21/task372.onnx,outputs/selected_submission/task372.onnx,,skipped by VERIFY_MODE=skip
373,6332.87,1,scored,18.75972415482923,solution/6332.87/task373.onnx,outputs/selected_submission/task373.onnx,,skipped by VERIFY_MODE=skip
374,6274.21,1,scored,15.5241464803431,solution/6274.21/task374.onnx,outputs/selected_submission/task374.onnx,,skipped by VERIFY_MODE=skip
375,6332.87,1,scored,15.513240747850746,solution/6332.87/task375.onnx,outputs/selected_submission/task375.onnx,,skipped by VERIFY_MODE=skip
376,6332.87,1,scored,14.93899600958889,solution/6332.87/task376.onnx,outputs/selected_submission/task376.onnx,,skipped by VERIFY_MODE=skip
377,6322.39,1,scored,14.508614677623024,solution/6322.39/task377.onnx,outputs/selected_submission/task377.onnx,,skipped by VERIFY_MODE=skip
378,6332.87,1,scored,14.428477967719004,solution/6332.87/task378.onnx,outputs/selected_submission/task378.onnx,,skipped by VERIFY_MODE=skip
379,6332.87,1,scored,13.819767920510944,solution/6332.87/task379.onnx,outputs/selected_submission/task379.onnx,,skipped by VERIFY_MODE=skip
380,6332.87,1,scored,18.409698951803318,solution/6332.87/task380.onnx,outputs/selected_submission/task380.onnx,,skipped by VERIFY_MODE=skip
381,6332.87,1,scored,16.830946850072657,solution/6332.87/task381.onnx,outputs/selected_submission/task381.onnx,,skipped by VERIFY_MODE=skip
382,6332.87,1,scored,13.7085195297084,solution/6332.87/task382.onnx,outputs/selected_submission/task382.onnx,,skipped by VERIFY_MODE=skip
383,6332.87,1,scored,14.371236953152405,solution/6332.87/task383.onnx,outputs/selected_submission/task383.onnx,,skipped by VERIFY_MODE=skip
384,6332.87,1,scored,13.778470160860206,solution/6332.87/task384.onnx,outputs/selected_submission/task384.onnx,,skipped by VERIFY_MODE=skip
385,6332.87,1,scored,21.59880261833785,solution/6332.87/task385.onnx,outputs/selected_submission/task385.onnx,,skipped by VERIFY_MODE=skip
386,6332.87,1,scored,18.23958530891657,solution/6332.87/task386.onnx,outputs/selected_submission/task386.onnx,,skipped by VERIFY_MODE=skip
387,6274.21,1,scored,13.940291846175448,solution/6274.21/task387.onnx,outputs/selected_submission/task387.onnx,,skipped by VERIFY_MODE=skip
388,6332.87,1,scored,16.225377779303003,solution/6332.87/task388.onnx,outputs/selected_submission/task388.onnx,,skipped by VERIFY_MODE=skip
389,6332.87,1,scored,17.451444020830127,solution/6332.87/task389.onnx,outputs/selected_submission/task389.onnx,,skipped by VERIFY_MODE=skip
390,6332.87,1,scored,14.885805916253345,solution/6332.87/task390.onnx,outputs/selected_submission/task390.onnx,,skipped by VERIFY_MODE=skip
391,6332.87,1,scored,15.787561829941671,solution/6332.87/task391.onnx,outputs/selected_submission/task391.onnx,,skipped by VERIFY_MODE=skip
392,6332.87,1,scored,14.662816279014882,solution/6332.87/task392.onnx,outputs/selected_submission/task392.onnx,,skipped by VERIFY_MODE=skip
393,6332.87,1,scored,18.870949789939456,solution/6332.87/task393.onnx,outputs/selected_submission/task393.onnx,,skipped by VERIFY_MODE=skip
394,6332.87,1,scored,16.53346872338599,solution/6332.87/task394.onnx,outputs/selected_submission/task394.onnx,,skipped by VERIFY_MODE=skip
395,6332.87,1,scored,18.51383921105591,solution/6332.87/task395.onnx,outputs/selected_submission/task395.onnx,,skipped by VERIFY_MODE=skip
396,6332.87,1,scored,14.009399355188783,solution/6332.87/task396.onnx,outputs/selected_submission/task396.onnx,,skipped by VERIFY_MODE=skip
397,6332.87,1,scored,15.045771805760689,solution/6332.87/task397.onnx,outputs/selected_submission/task397.onnx,,skipped by VERIFY_MODE=skip
398,6332.87,1,fallback_unscored,,solution/6332.87/task398.onnx,outputs/selected_submission/task398.onnx,,skipped by VERIFY_MODE=skip
399,6332.87,1,scored,17.92334618455605,solution/6332.87/task399.onnx,outputs/selected_submission/task399.onnx,,skipped by VERIFY_MODE=skip
400,6332.87,1,scored,14.532534757896764,solution/6332.87/task400.onnx,outputs/selected_submission/task400.onnx,,skipped by VERIFY_MODE=skip
